cecha,importance
median_income,0.4822596840906007
ocean_proximity_INLAND,0.1437262871513168
longitude,0.11081486136266808
latitude,0.10672426307439627
housing_median_age,0.05079973744766488
